MAPE[0.025],MAPE[0.05],MAPE[0.1],MAPE[0.5],MAPE[0.9],MAPE[0.95],MAPE[0.975],mean_weighted_sum_quantile_loss,Model
0.08884936513562856,0.07936668997688338,0.07267335469514573,0.062374658031532616,0.14117670754684797,0.19069485058910546,0.2630562510022773,0.04708418802660755,Pretrained
0.09232044745709775,0.08188779535372344,0.07392471047761107,0.056379483910978884,0.1415132344003507,0.19110921580372306,0.2502046690097499,0.04421840926929402,Finetuned
