MAPE[0.025],MAPE[0.05],MAPE[0.1],MAPE[0.5],MAPE[0.9],MAPE[0.95],MAPE[0.975],Model
0.0884258658073665,0.07949681973931234,0.07272370834868214,0.06240623169815549,0.14216467088477588,0.19128037197333025,0.26055511059264047,Pretrained
0.09201253060808018,0.08230088033551863,0.07398840745458747,0.05711213053044765,0.14060062329613324,0.18698353804273382,0.24679520635730812,Finetuned
