MAPE[0.025],MAPE[0.05],MAPE[0.1],MAPE[0.5],MAPE[0.9],MAPE[0.95],MAPE[0.975],mean_weighted_sum_quantile_loss,Model
0.2189000054801099,0.1784404614579414,0.14655723921071892,0.08575792656638148,0.13446516900848873,0.18079897113722884,0.24318653009632957,0.0739429885348713,Pretrained
0.16265030862673543,0.14098499338777723,0.12020925469516865,0.08137235354297992,0.11095683990522263,0.13743123737059434,0.16639664325688566,0.06799834374958419,Finetuned
