MAPE[0.025],MAPE[0.05],MAPE[0.1],MAPE[0.5],MAPE[0.9],MAPE[0.95],MAPE[0.975],mean_weighted_sum_quantile_loss,Model
0.6014118318144522,0.4707410996950669,0.3970241999307262,0.44385530490369396,0.9704959912215375,1.2637877168721452,1.6358737632262117,0.2350400576775718,Pretrained
0.6502011151047975,0.5324762906990074,0.44072589623311703,0.409127867721349,0.8255853879182746,1.0568097517080444,1.3186210771107885,0.21107383003523525,Finetuned
